u,aciertos,total,accuracy
2,4203,4457,0.943011
5,4000,4457,0.897465
10,3856,4457,0.865156
